{
	"id": "8a1da23c-d8b6-4a72-a742-4386f03b5e27",
	"name": "CoolKit Oauth2.0",
	"values": [
		{
			"key": "region",
			"value": "us",
			"enabled": true
		},
		{
			"key": "appid",
			"value": "123",
			"enabled": true
		},
		{
			"key": "appsecret",
			"value": "123",
			"enabled": true
		},
		{
			"key": "nonce",
			"value": "DfQNAufZ",
			"enabled": true
		}
	],
	"_postman_variable_scope": "environment",
	"_postman_exported_at": "2021-09-07T11:22:18.003Z",
	"_postman_exported_using": "Postman/8.11.1"
}