{
	"info": {
		"_postman_id": "3a6ecab6-ef7b-48b4-93ed-4994ade8ae72",
		"name": "酷宅开放平台v2接口请求示例（中文）",
		"schema": "https://schema.getpostman.com/json/collection/v2.1.0/collection.json",
		"_exporter_id": "2709611"
	},
	"item": [
		{
			"name": "账号管理",
			"item": [
				{
					"name": "查询账号所在区域",
					"event": [
						{
							"listen": "prerequest",
							"script": {
								"exec": [
									"const createSign = (appsecret, message) =>{",
									"    return CryptoJS.enc.Base64.stringify(CryptoJS.HmacSHA256(message, appsecret));",
									"}",
									"",
									"const getMsg = ()=>{",
									"    if ([\"GET\",\"DELETE\"].includes(pm.request.method)){",
									"        let txt = [];",
									"        Object.keys(pm.request.url.query.reference).forEach((key)=>{",
									"            txt.push(`${key}=${pm.request.url.query.reference[key].value}`);",
									"        })",
									"        return txt.join(\"&\");",
									"    }else{",
									"        return pm.request.body.raw;",
									"    }",
									"};",
									"",
									"const appsecret = pm.environment.get(\"appsecret\");",
									"const message = getMsg();",
									"const sign = createSign(appsecret, message);",
									"pm.environment.set('sign', sign);"
								],
								"type": "text/javascript"
							}
						},
						{
							"listen": "test",
							"script": {
								"exec": [
									""
								],
								"type": "text/javascript"
							}
						}
					],
					"request": {
						"method": "GET",
						"header": [
							{
								"key": "X-CK-Appid",
								"value": "{{appid}}"
							},
							{
								"key": "X-CK-Nonce",
								"value": "{{nonce}}"
							},
							{
								"key": "Authorization",
								"value": "Sign {{sign}}"
							},
							{
								"key": "Content-Type",
								"value": "application/json"
							}
						],
						"url": {
							"raw": "https://apia.coolkit.cn/v2/utils/get-region?countryCode=86",
							"protocol": "https",
							"host": [
								"apia",
								"coolkit",
								"cn"
							],
							"path": [
								"v2",
								"utils",
								"get-region"
							],
							"query": [
								{
									"key": "countryCode",
									"value": "86"
								}
							]
						}
					},
					"response": []
				},
				{
					"name": "注册账号",
					"event": [
						{
							"listen": "prerequest",
							"script": {
								"exec": [
									"function createSign(appsecret, message) {\r",
									"    const theSign=CryptoJS.enc.Base64.stringify(CryptoJS.HmacSHA256(message, appsecret));\r",
									"    return theSign;\r",
									"}\r",
									"\r",
									"const appsecret = pm.environment.get(\"appsecret\");\r",
									"const message = pm.request.body.raw;\r",
									"const sign = createSign(appsecret, message);\r",
									"pm.environment.set('sign', sign);"
								],
								"type": "text/javascript"
							}
						},
						{
							"listen": "test",
							"script": {
								"exec": [
									"const responseData = pm.response.json();\r",
									"\r",
									"const requestName = pm.info.requestName;\r",
									"\r",
									"if (responseData !== undefined) {\r",
									"    pm.test(requestName, function () {\r",
									"        pm.expect(responseData.error, responseData.msg).to.equal(0);\r",
									"    });\r",
									"\r",
									"    //custom\r",
									"    if (responseData.error === 0) {\r",
									"        const at = responseData.data.at;\r",
									"        const rt = responseData.data.rt;\r",
									"        const apikey = responseData.data.user.apikey;\r",
									"        pm.test(\"get accessToken\", function () {\r",
									"            pm.expect(at).to.be.exist;\r",
									"        })\r",
									"        pm.test(\"get refreshToken\", function () {\r",
									"            pm.expect(rt).to.be.exist;\r",
									"        })\r",
									"        pm.test(\"get apikey\", function () {\r",
									"            pm.expect(apikey).to.be.exist;\r",
									"        })\r",
									"        pm.environment.set(\"accessToken\", at);\r",
									"        pm.environment.set(\"refreshToken\", rt);\r",
									"        pm.environment.set(\"apikey\", apikey);\r",
									"    }\r",
									"}"
								],
								"type": "text/javascript"
							}
						}
					],
					"request": {
						"method": "POST",
						"header": [
							{
								"key": "X-CK-Appid",
								"value": "{{appid}}"
							},
							{
								"key": "X-CK-Nonce",
								"value": "{{nonce}}"
							},
							{
								"key": "Authorization",
								"value": "Sign {{sign}}"
							},
							{
								"key": "Content-Type",
								"value": "application/json"
							}
						],
						"body": {
							"mode": "raw",
							"raw": "{\"countryCode\":\"+86\",\"phoneNumber\":\"+8612345678912\",\"password\":\"123456789\",\"verificationCode\":\"1290\"}"
						},
						"url": {
							"raw": "https://{{domain}}/v2/user/register",
							"protocol": "https",
							"host": [
								"{{domain}}"
							],
							"path": [
								"v2",
								"user",
								"register"
							]
						},
						"description": "Create Account"
					},
					"response": []
				},
				{
					"name": "登录账号",
					"event": [
						{
							"listen": "test",
							"script": {
								"exec": [
									"const responseData = pm.response.json();\r",
									"\r",
									"const requestName = pm.info.requestName;\r",
									"\r",
									"if (responseData !== undefined) {\r",
									"    pm.test(requestName, function () {\r",
									"        pm.expect(responseData.error, responseData.msg).to.equal(0);\r",
									"    });\r",
									"\r",
									"    //custom\r",
									"    if (responseData.error === 0) {\r",
									"        const at = responseData.data.at;\r",
									"        const rt = responseData.data.rt;\r",
									"        const apikey = responseData.data.user.apikey;\r",
									"        pm.test(\"get accessToken\", function () {\r",
									"            pm.expect(at).to.be.exist;\r",
									"        })\r",
									"        pm.test(\"get refreshToken\", function () {\r",
									"            pm.expect(rt).to.be.exist;\r",
									"        })\r",
									"        pm.test(\"get apikey\", function () {\r",
									"            pm.expect(apikey).to.be.exist;\r",
									"        })\r",
									"        pm.environment.set(\"accessToken\", at);\r",
									"        pm.environment.set(\"refreshToken\", rt);\r",
									"        pm.environment.set(\"apikey\", responseData.data.user.apikey);\r",
									"        \r",
									"        const requestBody=JSON.parse(pm.request.body.raw);\r",
									"        const account=requestBody.phoneNumber||requestBody.email;\r",
									"        pm.environment.set(\"account\", account);\r",
									"    }\r",
									"}"
								],
								"type": "text/javascript"
							}
						},
						{
							"listen": "prerequest",
							"script": {
								"exec": [
									"function createSign(appsecret, message) {\r",
									"    return CryptoJS.enc.Base64.stringify(CryptoJS.HmacSHA256(message, appsecret));\r",
									"}\r",
									"\r",
									"const appsecret = pm.environment.get(\"appsecret\");\r",
									"const message = pm.request.body.raw;\r",
									"const sign = createSign(appsecret, message);\r",
									"pm.environment.set('sign', sign);"
								],
								"type": "text/javascript"
							}
						}
					],
					"request": {
						"auth": {
							"type": "noauth"
						},
						"method": "POST",
						"header": [
							{
								"key": "X-CK-Appid",
								"value": "{{appid}}"
							},
							{
								"key": "X-CK-Nonce",
								"value": "{{nonce}}"
							},
							{
								"key": "Authorization",
								"value": "Sign {{sign}}"
							},
							{
								"key": "Content-Type",
								"value": "application/json"
							}
						],
						"body": {
							"mode": "raw",
							"raw": "{\"phoneNumber\":\"+8612345678912\",\"password\":\"12345678\",\"countryCode\":\"+86\"}"
						},
						"url": {
							"raw": "https://{{domain}}/v2/user/login",
							"protocol": "https",
							"host": [
								"{{domain}}"
							],
							"path": [
								"v2",
								"user",
								"login"
							]
						},
						"description": "Account login"
					},
					"response": []
				},
				{
					"name": "验证码登录",
					"event": [
						{
							"listen": "prerequest",
							"script": {
								"exec": [
									"function createSign(appsecret, message) {\r",
									"    const theSign=CryptoJS.enc.Base64.stringify(CryptoJS.HmacSHA256(message, appsecret));\r",
									"    return theSign;\r",
									"}\r",
									"\r",
									"const appsecret = pm.environment.get(\"appsecret\");\r",
									"const message = pm.request.body.raw;\r",
									"const sign = createSign(appsecret, message);\r",
									"pm.environment.set('sign', sign);"
								],
								"type": "text/javascript"
							}
						},
						{
							"listen": "test",
							"script": {
								"exec": [
									"const responseData = pm.response.json();\r",
									"\r",
									"const requestName = pm.info.requestName;\r",
									"\r",
									"if (responseData !== undefined) {\r",
									"    pm.test(requestName, function () {\r",
									"        pm.expect(responseData.error, responseData.msg).to.equal(0);\r",
									"    });\r",
									"\r",
									"    //custom\r",
									"    if (responseData.error === 0) {\r",
									"        const at = responseData.data.at;\r",
									"        const rt = responseData.data.rt;\r",
									"        const apikey = responseData.data.user.apikey;\r",
									"        pm.test(\"get accessToken\", function () {\r",
									"            pm.expect(at).to.be.exist;\r",
									"        })\r",
									"        pm.test(\"get refreshToken\", function () {\r",
									"            pm.expect(rt).to.be.exist;\r",
									"        })\r",
									"        pm.test(\"get apikey\", function () {\r",
									"            pm.expect(apikey).to.be.exist;\r",
									"        })\r",
									"        pm.environment.set(\"accessToken\", at);\r",
									"        pm.environment.set(\"refreshToken\", rt);\r",
									"        pm.environment.set(\"apikey\", responseData.data.user.apikey);\r",
									"    }\r",
									"}"
								],
								"type": "text/javascript"
							}
						}
					],
					"request": {
						"method": "POST",
						"header": [
							{
								"key": "X-CK-Appid",
								"value": "{{appid}}"
							},
							{
								"key": "X-CK-Nonce",
								"value": "{{nonce}}"
							},
							{
								"key": "Authorization",
								"value": "Sign {{sign}}"
							},
							{
								"key": "Content-Type",
								"value": "application/json"
							}
						],
						"body": {
							"mode": "raw",
							"raw": "{\"countryCode\":\"+86\",\"phoneNumber\":\"+8612345678912\",\"verificationCode\":\"6246\"}"
						},
						"url": {
							"raw": "https://{{domain}}/v2/user/sms-login",
							"protocol": "https",
							"host": [
								"{{domain}}"
							],
							"path": [
								"v2",
								"user",
								"sms-login"
							]
						},
						"description": "Account login"
					},
					"response": []
				},
				{
					"name": "重置密码",
					"event": [
						{
							"listen": "prerequest",
							"script": {
								"exec": [
									"function createSign(appsecret, message) {\r",
									"    const theSign=CryptoJS.enc.Base64.stringify(CryptoJS.HmacSHA256(message, appsecret));\r",
									"    return theSign;\r",
									"}\r",
									"\r",
									"const appsecret = pm.environment.get(\"appsecret\");\r",
									"const message = pm.request.body.raw;\r",
									"const sign = createSign(appsecret, message);\r",
									"pm.environment.set('sign', sign);"
								],
								"type": "text/javascript"
							}
						},
						{
							"listen": "test",
							"script": {
								"exec": [
									"const responseData = pm.response.json();\r",
									"\r",
									"const requestName = pm.info.requestName;\r",
									"\r",
									"if (responseData !== undefined) {\r",
									"    pm.test(requestName, function () {\r",
									"        pm.expect(responseData.error, responseData.msg).to.equal(0);\r",
									"    });\r",
									"\r",
									"    //custom\r",
									"    if (responseData.error === 0) {\r",
									"        const at = responseData.data.at;\r",
									"        const rt = responseData.data.rt;\r",
									"        const apikey = responseData.data.user.apikey;\r",
									"        pm.test(\"get accessToken\", function () {\r",
									"            pm.expect(at).to.be.exist;\r",
									"        })\r",
									"        pm.test(\"get refreshToken\", function () {\r",
									"            pm.expect(rt).to.be.exist;\r",
									"        })\r",
									"        pm.test(\"get apikey\", function () {\r",
									"            pm.expect(apikey).to.be.exist;\r",
									"        })\r",
									"        pm.environment.set(\"accessToken\", at);\r",
									"        pm.environment.set(\"refreshToken\", rt);\r",
									"        pm.environment.set(\"apikey\", apikey);    \r",
									"    }\r",
									"}"
								],
								"type": "text/javascript"
							}
						}
					],
					"request": {
						"method": "POST",
						"header": [
							{
								"key": "X-CK-Appid",
								"value": "{{appid}}"
							},
							{
								"key": "X-CK-Nonce",
								"value": "{{nonce}}"
							},
							{
								"key": "Authorization",
								"value": "Sign {{sign}}"
							},
							{
								"key": "Content-Type",
								"value": "application/json"
							}
						],
						"body": {
							"mode": "raw",
							"raw": "{\"phoneNumber\":\"+8612345678912\",\"verificationCode\":\"9097\",\"password\":\"123456789\"}"
						},
						"url": {
							"raw": "https://{{domain}}/v2/user/reset-pwd",
							"protocol": "https",
							"host": [
								"{{domain}}"
							],
							"path": [
								"v2",
								"user",
								"reset-pwd"
							]
						},
						"description": "Account login"
					},
					"response": []
				},
				{
					"name": "发送验证码",
					"event": [
						{
							"listen": "prerequest",
							"script": {
								"exec": [
									"function createSign(appsecret, message) {\r",
									"    const theSign=CryptoJS.enc.Base64.stringify(CryptoJS.HmacSHA256(message, appsecret));\r",
									"    return theSign;\r",
									"}\r",
									"\r",
									"const appsecret = pm.environment.get(\"appsecret\");\r",
									"const message = pm.request.body.raw;\r",
									"const sign = createSign(appsecret, message);\r",
									"pm.environment.set('sign', sign);"
								],
								"type": "text/javascript"
							}
						},
						{
							"listen": "test",
							"script": {
								"exec": [
									"const responseData = pm.response.json();\r",
									"\r",
									"const requestName = pm.info.requestName;\r",
									"\r",
									"if (responseData !== undefined) {\r",
									"    pm.test(requestName, function () {\r",
									"        pm.expect(responseData.error, responseData.msg).to.equal(0);\r",
									"    });\r",
									"\r",
									"    //custom\r",
									"    if (responseData.error === 0) {\r",
									"        \r",
									"    }\r",
									"}"
								],
								"type": "text/javascript"
							}
						}
					],
					"request": {
						"method": "POST",
						"header": [
							{
								"key": "X-CK-Appid",
								"value": "{{appid}}"
							},
							{
								"key": "X-CK-Nonce",
								"value": "{{nonce}}"
							},
							{
								"key": "Authorization",
								"value": "Sign {{sign}}"
							},
							{
								"key": "Content-Type",
								"value": "application/json"
							}
						],
						"body": {
							"mode": "raw",
							"raw": "{\"phoneNumber\":\"+8612345678912\",\"type\":1}"
						},
						"url": {
							"raw": "https://{{domain}}/v2/user/verification-code",
							"protocol": "https",
							"host": [
								"{{domain}}"
							],
							"path": [
								"v2",
								"user",
								"verification-code"
							]
						},
						"description": "Account login"
					},
					"response": []
				},
				{
					"name": "刷新Token",
					"event": [
						{
							"listen": "prerequest",
							"script": {
								"exec": [
									"function createSign(appsecret, message) {",
									"    return CryptoJS.enc.Base64.stringify(CryptoJS.HmacSHA256(message, appsecret));",
									"}",
									"",
									"const appsecret = pm.environment.get(\"appsecret\");",
									"const rt=pm.environment.get('refreshToken');",
									"",
									"const requestBodyStr=pm.request.body.raw;",
									"const requestBody =JSON.parse(requestBodyStr);",
									"let sign;",
									"if(requestBody.rt===\"{{refreshToken}}\"){",
									"    const message= JSON.stringify({rt:rt});",
									"    console.info(message);",
									"    sign = createSign(appsecret,message);",
									"}else{",
									"    sign = createSign(appsecret,requestBodyStr);",
									"}",
									"pm.environment.set('sign', sign);"
								],
								"type": "text/javascript"
							}
						},
						{
							"listen": "test",
							"script": {
								"exec": [
									"const responseData = pm.response.json();\r",
									"\r",
									"const requestName = pm.info.requestName;\r",
									"\r",
									"if (responseData !== undefined) {\r",
									"    pm.test(requestName, function () {\r",
									"        pm.expect(responseData.error, responseData.msg).to.equal(0);\r",
									"    });\r",
									"\r",
									"    //custom\r",
									"    if (responseData.error === 0) {\r",
									"        const at = responseData.data.at;\r",
									"        const rt = responseData.data.rt;\r",
									"        pm.test(\"get accessToken\", function () {\r",
									"            pm.expect(at).to.be.exist;\r",
									"        })\r",
									"        pm.test(\"get refreshToken\", function () {\r",
									"            pm.expect(rt).to.be.exist;\r",
									"        })\r",
									"        pm.environment.set(\"accessToken\", at);\r",
									"        pm.environment.set(\"refreshToken\", rt);\r",
									"    }\r",
									"}"
								],
								"type": "text/javascript"
							}
						}
					],
					"request": {
						"method": "POST",
						"header": [
							{
								"key": "X-CK-Appid",
								"value": "{{appid}}"
							},
							{
								"key": "X-CK-Nonce",
								"value": "{{nonce}}"
							},
							{
								"key": "Authorization",
								"value": "Sign {{sign}}"
							},
							{
								"key": "Content-Type",
								"value": "application/json"
							}
						],
						"body": {
							"mode": "raw",
							"raw": "{\"rt\":\"{{refreshToken}}\"}"
						},
						"url": {
							"raw": "https://{{domain}}/v2/user/refresh",
							"protocol": "https",
							"host": [
								"{{domain}}"
							],
							"path": [
								"v2",
								"user",
								"refresh"
							]
						}
					},
					"response": []
				},
				{
					"name": "修改密码",
					"event": [
						{
							"listen": "prerequest",
							"script": {
								"exec": [
									""
								],
								"type": "text/javascript"
							}
						},
						{
							"listen": "test",
							"script": {
								"exec": [
									"const responseData = pm.response.json();\r",
									"\r",
									"const requestName = pm.info.requestName;\r",
									"\r",
									"if (responseData !== undefined) {\r",
									"    pm.test(requestName, function () {\r",
									"        pm.expect(responseData.error, responseData.msg).to.equal(0);\r",
									"    });\r",
									"\r",
									"    //custom\r",
									"    if (responseData.error === 0) {\r",
									"        \r",
									"    }\r",
									"}"
								],
								"type": "text/javascript"
							}
						}
					],
					"request": {
						"method": "POST",
						"header": [
							{
								"key": "X-CK-Appid",
								"value": "{{appid}}"
							},
							{
								"key": "X-CK-Nonce",
								"value": "{{nonce}}"
							},
							{
								"key": "Authorization",
								"value": "Bearer {{accessToken}}"
							},
							{
								"key": "Content-Type",
								"value": "application/json"
							}
						],
						"body": {
							"mode": "raw",
							"raw": "{\"oldPassword\":\"123456789\",\"newPassword\":\"123456789\"}"
						},
						"url": {
							"raw": "https://{{domain}}/v2/user/change-pwd",
							"protocol": "https",
							"host": [
								"{{domain}}"
							],
							"path": [
								"v2",
								"user",
								"change-pwd"
							]
						}
					},
					"response": []
				},
				{
					"name": "获取个人信息",
					"event": [
						{
							"listen": "prerequest",
							"script": {
								"exec": [
									""
								],
								"type": "text/javascript"
							}
						},
						{
							"listen": "test",
							"script": {
								"exec": [
									"const responseData = pm.response.json();\r",
									"\r",
									"const requestName = pm.info.requestName;\r",
									"\r",
									"if (responseData !== undefined) {\r",
									"    pm.test(requestName, function () {\r",
									"        pm.expect(responseData.error, responseData.msg).to.equal(0);\r",
									"    });\r",
									"\r",
									"    //custom\r",
									"    if (responseData.error === 0) {\r",
									"        \r",
									"    }\r",
									"}"
								],
								"type": "text/javascript"
							}
						}
					],
					"protocolProfileBehavior": {
						"disableBodyPruning": true
					},
					"request": {
						"method": "GET",
						"header": [
							{
								"key": "X-CK-Appid",
								"value": "{{appid}}"
							},
							{
								"key": "X-CK-Nonce",
								"value": "{{nonce}}"
							},
							{
								"key": "Authorization",
								"value": "Bearer {{accessToken}}"
							},
							{
								"key": "Content-Type",
								"value": "application/json"
							}
						],
						"body": {
							"mode": "raw",
							"raw": ""
						},
						"url": {
							"raw": "https://{{domain}}/v2/user/profile",
							"protocol": "https",
							"host": [
								"{{domain}}"
							],
							"path": [
								"v2",
								"user",
								"profile"
							]
						}
					},
					"response": []
				},
				{
					"name": "更新个人信息",
					"event": [
						{
							"listen": "prerequest",
							"script": {
								"exec": [
									""
								],
								"type": "text/javascript"
							}
						},
						{
							"listen": "test",
							"script": {
								"exec": [
									"const responseData = pm.response.json();\r",
									"\r",
									"const requestName = pm.info.requestName;\r",
									"\r",
									"if (responseData !== undefined) {\r",
									"    pm.test(requestName, function () {\r",
									"        pm.expect(responseData.error, responseData.msg).to.equal(0);\r",
									"    });\r",
									"\r",
									"    //custom\r",
									"    if (responseData.error === 0) {\r",
									"        \r",
									"    }\r",
									"}"
								],
								"type": "text/javascript"
							}
						}
					],
					"request": {
						"method": "POST",
						"header": [
							{
								"key": "X-CK-Appid",
								"value": "{{appid}}"
							},
							{
								"key": "X-CK-Nonce",
								"value": "{{nonce}}"
							},
							{
								"key": "Authorization",
								"value": "Bearer {{accessToken}}"
							},
							{
								"key": "Content-Type",
								"value": "application/json"
							}
						],
						"body": {
							"mode": "raw",
							"raw": "{\"nickname\":\"newName\"}"
						},
						"url": {
							"raw": "https://{{domain}}/v2/user/profile",
							"protocol": "https",
							"host": [
								"{{domain}}"
							],
							"path": [
								"v2",
								"user",
								"profile"
							]
						}
					},
					"response": []
				},
				{
					"name": "退出登录",
					"event": [
						{
							"listen": "prerequest",
							"script": {
								"exec": [
									""
								],
								"type": "text/javascript"
							}
						},
						{
							"listen": "test",
							"script": {
								"exec": [
									"const responseData = pm.response.json();\r",
									"const requestName = pm.info.requestName;\r",
									"\r",
									"if (responseData !== undefined) {\r",
									"    pm.test(requestName, function () {\r",
									"        pm.expect(responseData.error, responseData.msg).to.equal(0);\r",
									"    });\r",
									"\r",
									"    //custom\r",
									"    if (responseData.error === 0) {\r",
									"        \r",
									"    }\r",
									"}"
								],
								"type": "text/javascript"
							}
						}
					],
					"request": {
						"method": "DELETE",
						"header": [
							{
								"key": "X-CK-Appid",
								"value": "{{appid}}"
							},
							{
								"key": "X-CK-Nonce",
								"value": "{{nonce}}"
							},
							{
								"key": "Authorization",
								"value": "Bearer {{accessToken}}"
							},
							{
								"key": "Content-Type",
								"value": "application/json"
							}
						],
						"body": {
							"mode": "raw",
							"raw": ""
						},
						"url": {
							"raw": "https://{{domain}}/v2/user/logout",
							"protocol": "https",
							"host": [
								"{{domain}}"
							],
							"path": [
								"v2",
								"user",
								"logout"
							]
						}
					},
					"response": []
				},
				{
					"name": "注销账号",
					"event": [
						{
							"listen": "prerequest",
							"script": {
								"exec": [
									""
								],
								"type": "text/javascript"
							}
						},
						{
							"listen": "test",
							"script": {
								"exec": [
									"const responseData = pm.response.json();\r",
									"\r",
									"const requestName = pm.info.requestName;\r",
									"\r",
									"if (responseData !== undefined) {\r",
									"    pm.test(requestName, function () {\r",
									"        pm.expect(responseData.error, responseData.msg).to.equal(0);\r",
									"    });\r",
									"\r",
									"    //custom\r",
									"    if (responseData.error === 0) {\r",
									"        \r",
									"    }\r",
									"}"
								],
								"type": "text/javascript"
							}
						}
					],
					"request": {
						"method": "POST",
						"header": [
							{
								"key": "X-CK-Appid",
								"value": "{{appid}}"
							},
							{
								"key": "X-CK-Nonce",
								"value": "{{nonce}}"
							},
							{
								"key": "Authorization",
								"value": "Bearer {{accessToken}}"
							},
							{
								"key": "Content-Type",
								"value": "application/json"
							}
						],
						"body": {
							"mode": "raw",
							"raw": "{\"verificationCode\":\"8642\"}"
						},
						"url": {
							"raw": "https://{{domain}}/v2/user/close-account",
							"protocol": "https",
							"host": [
								"{{domain}}"
							],
							"path": [
								"v2",
								"user",
								"close-account"
							]
						}
					},
					"response": []
				}
			]
		},
		{
			"name": "家庭管理",
			"item": [
				{
					"name": "获取家庭和房间",
					"event": [
						{
							"listen": "test",
							"script": {
								"exec": [
									"const responseData = pm.response.json();\r",
									"\r",
									"const requestName = pm.info.requestName;\r",
									"\r",
									"if (responseData !== undefined) {\r",
									"    pm.test(requestName, function () {\r",
									"        pm.expect(responseData.error, responseData.msg).to.equal(0);\r",
									"    });\r",
									"    \r",
									"    //custom\r",
									"    if (responseData.error === 0) {\r",
									"\r",
									"    }\r",
									"}"
								],
								"type": "text/javascript"
							}
						},
						{
							"listen": "prerequest",
							"script": {
								"exec": [
									""
								],
								"type": "text/javascript"
							}
						}
					],
					"protocolProfileBehavior": {
						"disableBodyPruning": true
					},
					"request": {
						"method": "GET",
						"header": [
							{
								"key": "X-CK-Nonce",
								"value": "{{nonce}}"
							},
							{
								"key": "Authorization",
								"value": "Bearer {{accessToken}}"
							},
							{
								"key": "Content-Type",
								"value": "application/json"
							}
						],
						"body": {
							"mode": "raw",
							"raw": ""
						},
						"url": {
							"raw": "https://{{domain}}/v2/family",
							"protocol": "https",
							"host": [
								"{{domain}}"
							],
							"path": [
								"v2",
								"family"
							]
						}
					},
					"response": []
				},
				{
					"name": "新增家庭",
					"event": [
						{
							"listen": "test",
							"script": {
								"exec": [
									"const responseData = pm.response.json();\r",
									"\r",
									"const requestName = pm.info.requestName;\r",
									"\r",
									"if (responseData !== undefined) {\r",
									"    pm.test(requestName, function () {\r",
									"        pm.expect(responseData.error, responseData.msg).to.equal(0);\r",
									"    });\r",
									"    \r",
									"    //custom\r",
									"    if (responseData.error === 0) {\r",
									"\r",
									"    }\r",
									"}"
								],
								"type": "text/javascript"
							}
						},
						{
							"listen": "prerequest",
							"script": {
								"exec": [
									""
								],
								"type": "text/javascript"
							}
						}
					],
					"request": {
						"method": "POST",
						"header": [
							{
								"key": "X-CK-Nonce",
								"value": "{{nonce}}"
							},
							{
								"key": "Authorization",
								"value": "Bearer {{accessToken}}"
							},
							{
								"key": "Content-Type",
								"value": "application/json"
							}
						],
						"body": {
							"mode": "raw",
							"raw": "{\n    \"name\":\"My Home2\",\n    \"sort\":1,\n    \"roomNameList\":[\"Livingroom\",\"Bedroom\",\"Other\"]\n}"
						},
						"url": {
							"raw": "https://{{domain}}/v2/family",
							"protocol": "https",
							"host": [
								"{{domain}}"
							],
							"path": [
								"v2",
								"family"
							]
						}
					},
					"response": []
				},
				{
					"name": "新建房间",
					"event": [
						{
							"listen": "test",
							"script": {
								"exec": [
									"const responseData = pm.response.json();\r",
									"\r",
									"const requestName = pm.info.requestName;\r",
									"\r",
									"if (responseData !== undefined) {\r",
									"    pm.test(requestName, function () {\r",
									"        pm.expect(responseData.error, responseData.msg).to.equal(0);\r",
									"    });\r",
									"    \r",
									"    //custom\r",
									"    if (responseData.error === 0) {\r",
									"\r",
									"    }\r",
									"}"
								],
								"type": "text/javascript"
							}
						},
						{
							"listen": "prerequest",
							"script": {
								"exec": [
									""
								],
								"type": "text/javascript"
							}
						}
					],
					"request": {
						"method": "POST",
						"header": [
							{
								"key": "X-CK-Nonce",
								"value": "{{nonce}}"
							},
							{
								"key": "Authorization",
								"value": "Bearer {{accessToken}}"
							},
							{
								"key": "Content-Type",
								"value": "application/json"
							}
						],
						"body": {
							"mode": "raw",
							"raw": "{\n    \"familyid\":\"familyid\",\n    \"name\":\"room3\",\n    \"sort\":1\n}"
						},
						"url": {
							"raw": "https://{{domain}}/v2/family/room",
							"protocol": "https",
							"host": [
								"{{domain}}"
							],
							"path": [
								"v2",
								"family",
								"room"
							]
						}
					},
					"response": []
				},
				{
					"name": "修改家庭名称",
					"event": [
						{
							"listen": "test",
							"script": {
								"exec": [
									"const responseData = pm.response.json();\r",
									"\r",
									"const requestName = pm.info.requestName;\r",
									"\r",
									"if (responseData !== undefined) {\r",
									"    pm.test(requestName, function () {\r",
									"        pm.expect(responseData.error, responseData.msg).to.equal(0);\r",
									"    });\r",
									"    \r",
									"    //custom\r",
									"    if (responseData.error === 0) {\r",
									"\r",
									"    }\r",
									"}"
								],
								"type": "text/javascript"
							}
						},
						{
							"listen": "prerequest",
							"script": {
								"exec": [
									""
								],
								"type": "text/javascript"
							}
						}
					],
					"request": {
						"method": "PUT",
						"header": [
							{
								"key": "X-CK-Nonce",
								"value": "{{nonce}}"
							},
							{
								"key": "Authorization",
								"value": "Bearer {{accessToken}}"
							},
							{
								"key": "Content-Type",
								"value": "application/json"
							}
						],
						"body": {
							"mode": "raw",
							"raw": "{\n    \"id\":\"familyid\",\n    \"name\":\"My Home\"\n}"
						},
						"url": {
							"raw": "https://{{domain}}/v2/family",
							"protocol": "https",
							"host": [
								"{{domain}}"
							],
							"path": [
								"v2",
								"family"
							]
						}
					},
					"response": []
				},
				{
					"name": "修改房间名称",
					"event": [
						{
							"listen": "test",
							"script": {
								"exec": [
									"const responseData = pm.response.json();\r",
									"\r",
									"const requestName = pm.info.requestName;\r",
									"\r",
									"if (responseData !== undefined) {\r",
									"    pm.test(requestName, function () {\r",
									"        pm.expect(responseData.error, responseData.msg).to.equal(0);\r",
									"    });\r",
									"    \r",
									"    //custom\r",
									"    if (responseData.error === 0) {\r",
									"\r",
									"    }\r",
									"}"
								],
								"type": "text/javascript"
							}
						},
						{
							"listen": "prerequest",
							"script": {
								"exec": [
									""
								],
								"type": "text/javascript"
							}
						}
					],
					"request": {
						"method": "PUT",
						"header": [
							{
								"key": "X-CK-Nonce",
								"value": "{{nonce}}"
							},
							{
								"key": "Authorization",
								"value": "Bearer {{accessToken}}"
							},
							{
								"key": "Content-Type",
								"value": "application/json"
							}
						],
						"body": {
							"mode": "raw",
							"raw": "{\n    \"id\":\"roomid\",\n    \"name\":\"new name\"\n}"
						},
						"url": {
							"raw": "https://{{domain}}/v2/family/room",
							"protocol": "https",
							"host": [
								"{{domain}}"
							],
							"path": [
								"v2",
								"family",
								"room"
							]
						}
					},
					"response": []
				},
				{
					"name": "切换当前家庭",
					"event": [
						{
							"listen": "test",
							"script": {
								"exec": [
									"const responseData = pm.response.json();\r",
									"\r",
									"const requestName = pm.info.requestName;\r",
									"\r",
									"if (responseData !== undefined) {\r",
									"    pm.test(requestName, function () {\r",
									"        pm.expect(responseData.error, responseData.msg).to.equal(0);\r",
									"    });\r",
									"    \r",
									"    //custom\r",
									"    if (responseData.error === 0) {\r",
									"\r",
									"    }\r",
									"}"
								],
								"type": "text/javascript"
							}
						},
						{
							"listen": "prerequest",
							"script": {
								"exec": [
									""
								],
								"type": "text/javascript"
							}
						}
					],
					"request": {
						"method": "POST",
						"header": [
							{
								"key": "X-CK-Nonce",
								"value": "{{nonce}}"
							},
							{
								"key": "Authorization",
								"value": "Bearer {{accessToken}}"
							},
							{
								"key": "Content-Type",
								"value": "application/json"
							}
						],
						"body": {
							"mode": "raw",
							"raw": "{\"id\":\"familyid\"}"
						},
						"url": {
							"raw": "https://{{domain}}/v2/family/current",
							"protocol": "https",
							"host": [
								"{{domain}}"
							],
							"path": [
								"v2",
								"family",
								"current"
							]
						}
					},
					"response": []
				},
				{
					"name": "移动设备",
					"event": [
						{
							"listen": "test",
							"script": {
								"exec": [
									"const responseData = pm.response.json();\r",
									"const requestName = pm.info.requestName;\r",
									"\r",
									"if (responseData !== undefined) {\r",
									"    pm.test(requestName, function () {\r",
									"        pm.expect(responseData.error, responseData.msg).to.equal(0);\r",
									"    });\r",
									"    \r",
									"    //custom\r",
									"    if (responseData.error === 0) {\r",
									"\r",
									"    }\r",
									"}"
								],
								"type": "text/javascript"
							}
						},
						{
							"listen": "prerequest",
							"script": {
								"exec": [
									""
								],
								"type": "text/javascript"
							}
						}
					],
					"request": {
						"method": "POST",
						"header": [
							{
								"key": "X-CK-Nonce",
								"value": "{{nonce}}"
							},
							{
								"key": "Authorization",
								"value": "Bearer {{accessToken}}"
							},
							{
								"key": "Content-Type",
								"value": "application/json"
							}
						],
						"body": {
							"mode": "raw",
							"raw": "{\n    \"roomid\":\"roomid\",\n    \"oldThingList\":[],\n    \"newThingList\":[\n        {\n            \"itemType\":1,\n            \"id\":\"100085c78c\"\n        }\n    ]\n}"
						},
						"url": {
							"raw": "https://{{domain}}/v2/family/room/thing",
							"protocol": "https",
							"host": [
								"{{domain}}"
							],
							"path": [
								"v2",
								"family",
								"room",
								"thing"
							]
						},
						"description": "Move groups and devices to a specified room"
					},
					"response": []
				},
				{
					"name": "房间排序",
					"event": [
						{
							"listen": "test",
							"script": {
								"exec": [
									"const responseData = pm.response.json();\r",
									"\r",
									"const requestName = pm.info.requestName;\r",
									"\r",
									"if (responseData !== undefined) {\r",
									"    pm.test(requestName, function () {\r",
									"        pm.expect(responseData.error, responseData.msg).to.equal(0);\r",
									"    });\r",
									"    \r",
									"    //custom\r",
									"    if (responseData.error === 0) {\r",
									"\r",
									"    }\r",
									"}"
								],
								"type": "text/javascript"
							}
						},
						{
							"listen": "prerequest",
							"script": {
								"exec": [
									""
								],
								"type": "text/javascript"
							}
						}
					],
					"request": {
						"method": "POST",
						"header": [
							{
								"key": "X-CK-Nonce",
								"value": "{{nonce}}"
							},
							{
								"key": "Authorization",
								"value": "Bearer {{accessToken}}"
							},
							{
								"key": "Content-Type",
								"value": "application/json"
							}
						],
						"body": {
							"mode": "raw",
							"raw": "{\n    \"familyid\":\"family id\",\n    \"idList\":[\n        \"room1id\",\n        \"room2id\",\n        \"room3id\"\n    ]\n}"
						},
						"url": {
							"raw": "https://{{domain}}/v2/family/room/index",
							"protocol": "https",
							"host": [
								"{{domain}}"
							],
							"path": [
								"v2",
								"family",
								"room",
								"index"
							]
						}
					},
					"response": []
				},
				{
					"name": "设备排序",
					"event": [
						{
							"listen": "test",
							"script": {
								"exec": [
									"const responseData = pm.response.json();\r",
									"\r",
									"const requestName = pm.info.requestName;\r",
									"\r",
									"if (responseData !== undefined) {\r",
									"    pm.test(requestName, function () {\r",
									"        pm.expect(responseData.error, responseData.msg).to.equal(0);\r",
									"    });\r",
									"    \r",
									"    //custom\r",
									"    if (responseData.error === 0) {\r",
									"\r",
									"    }\r",
									"}"
								],
								"type": "text/javascript"
							}
						},
						{
							"listen": "prerequest",
							"script": {
								"exec": [
									""
								],
								"type": "text/javascript"
							}
						}
					],
					"request": {
						"method": "POST",
						"header": [
							{
								"key": "X-CK-Nonce",
								"value": "{{nonce}}"
							},
							{
								"key": "Authorization",
								"value": "Bearer {{accessToken}}"
							},
							{
								"key": "Content-Type",
								"value": "application/json"
							}
						],
						"body": {
							"mode": "raw",
							"raw": "{\n    \"familyid\":\"familyid\",\n    \"thingList\":[\n        {\n            \"itemType\":1,\n            \"id\":\"100085c78c\"\n        },\n        {\n            \"itemType\" : 1,\n            \"id\":\"100018f421\"\n        }\n\n    ]\n}"
						},
						"url": {
							"raw": "https://{{domain}}/v2/family/thing/sort",
							"protocol": "https",
							"host": [
								"{{domain}}"
							],
							"path": [
								"v2",
								"family",
								"thing",
								"sort"
							]
						}
					},
					"response": []
				},
				{
					"name": "删除房间",
					"event": [
						{
							"listen": "test",
							"script": {
								"exec": [
									"const responseData = pm.response.json();\r",
									"\r",
									"const requestName = pm.info.requestName;\r",
									"\r",
									"if (responseData !== undefined) {\r",
									"    pm.test(requestName, function () {\r",
									"        pm.expect(responseData.error, responseData.msg).to.equal(0);\r",
									"    });\r",
									"    \r",
									"    //custom\r",
									"    if (responseData.error === 0) {\r",
									"\r",
									"    }\r",
									"}"
								],
								"type": "text/javascript"
							}
						},
						{
							"listen": "prerequest",
							"script": {
								"exec": [
									""
								],
								"type": "text/javascript"
							}
						}
					],
					"request": {
						"method": "DELETE",
						"header": [
							{
								"key": "X-CK-Nonce",
								"value": "{{nonce}}"
							},
							{
								"key": "Authorization",
								"value": "Bearer {{accessToken}}"
							},
							{
								"key": "Content-Type",
								"value": "application/json"
							}
						],
						"body": {
							"mode": "raw",
							"raw": ""
						},
						"url": {
							"raw": "https://{{domain}}/v2/family/room?id=xxxxx",
							"protocol": "https",
							"host": [
								"{{domain}}"
							],
							"path": [
								"v2",
								"family",
								"room"
							],
							"query": [
								{
									"key": "id",
									"value": "xxxxx"
								}
							]
						}
					},
					"response": []
				},
				{
					"name": "删除家庭",
					"event": [
						{
							"listen": "test",
							"script": {
								"exec": [
									"const responseData = pm.response.json();\r",
									"\r",
									"const requestName = pm.info.requestName;\r",
									"\r",
									"if (responseData !== undefined) {\r",
									"    pm.test(requestName, function () {\r",
									"        pm.expect(responseData.error, responseData.msg).to.equal(0);\r",
									"    });\r",
									"    \r",
									"    //custom\r",
									"    if (responseData.error === 0) {\r",
									"\r",
									"    }\r",
									"}"
								],
								"type": "text/javascript"
							}
						},
						{
							"listen": "prerequest",
							"script": {
								"exec": [
									""
								],
								"type": "text/javascript"
							}
						}
					],
					"request": {
						"method": "DELETE",
						"header": [
							{
								"key": "X-CK-Nonce",
								"value": "{{nonce}}"
							},
							{
								"key": "Authorization",
								"value": "Bearer {{accessToken}}"
							},
							{
								"key": "Content-Type",
								"value": "application/json"
							}
						],
						"body": {
							"mode": "raw",
							"raw": ""
						},
						"url": {
							"raw": "https://{{domain}}/v2/family?id=xxxxxxx&deviceFamily=xxxxxxxxxx&switchFamily=xxxxxxxxxx",
							"protocol": "https",
							"host": [
								"{{domain}}"
							],
							"path": [
								"v2",
								"family"
							],
							"query": [
								{
									"key": "id",
									"value": "xxxxxxx"
								},
								{
									"key": "deviceFamily",
									"value": "xxxxxxxxxx"
								},
								{
									"key": "switchFamily",
									"value": "xxxxxxxxxx"
								}
							]
						}
					},
					"response": []
				}
			]
		},
		{
			"name": "设备管理",
			"item": [
				{
					"name": "添加WIFI设备",
					"event": [
						{
							"listen": "prerequest",
							"script": {
								"exec": [
									""
								],
								"type": "text/javascript"
							}
						},
						{
							"listen": "test",
							"script": {
								"exec": [
									"const responseData = pm.response.json();\r",
									"\r",
									"const requestName = pm.info.requestName;\r",
									"\r",
									"if (responseData !== undefined) {\r",
									"    pm.test(requestName, function () {\r",
									"        pm.expect(responseData.error, responseData.msg).to.equal(0);\r",
									"    });\r",
									"    //custom\r",
									"    if (responseData.error === 0) {\r",
									"        \r",
									"    }\r",
									"}"
								],
								"type": "text/javascript"
							}
						}
					],
					"request": {
						"method": "POST",
						"header": [
							{
								"key": "X-CK-Nonce",
								"value": "{{nonce}}"
							},
							{
								"key": "Authorization",
								"value": "Bearer {{accessToken}}"
							},
							{
								"key": "Content-Type",
								"value": "application/json"
							}
						],
						"body": {
							"mode": "raw",
							"raw": "{\n    \"name\": \"\",\n    \"deviceid\":\"\",\n    \"digest\":\"\",\n    \"chipid\": \"\"\n}"
						},
						"url": {
							"raw": "https://{{domain}}/v2/device/add",
							"protocol": "https",
							"host": [
								"{{domain}}"
							],
							"path": [
								"v2",
								"device",
								"add"
							]
						}
					},
					"response": []
				},
				{
					"name": "添加2G、4G设备",
					"event": [
						{
							"listen": "prerequest",
							"script": {
								"exec": [
									""
								],
								"type": "text/javascript"
							}
						},
						{
							"listen": "test",
							"script": {
								"exec": [
									"const responseData = pm.response.json();\r",
									"\r",
									"const requestName = pm.info.requestName;\r",
									"\r",
									"if (responseData !== undefined) {\r",
									"    pm.test(requestName, function () {\r",
									"        pm.expect(responseData.error, responseData.msg).to.equal(0);\r",
									"    });\r",
									"\r",
									"    //custom\r",
									"    if (responseData.error === 0) {\r",
									"        \r",
									"    }\r",
									"}"
								],
								"type": "text/javascript"
							}
						}
					],
					"request": {
						"method": "POST",
						"header": [
							{
								"key": "X-CK-Nonce",
								"value": "{{nonce}}"
							},
							{
								"key": "Authorization",
								"value": "Bearer {{accessToken}}"
							},
							{
								"key": "Content-Type",
								"value": "application/json"
							}
						],
						"body": {
							"mode": "raw",
							"raw": "{\n    \"id\":\"\",\n    \"name\": \"device7fb650\"\n}"
						},
						"url": {
							"raw": "https://{{domain}}/v2/device/add-gsm",
							"protocol": "https",
							"host": [
								"{{domain}}"
							],
							"path": [
								"v2",
								"device",
								"add-gsm"
							]
						}
					},
					"response": []
				},
				{
					"name": "更新设备状态",
					"event": [
						{
							"listen": "prerequest",
							"script": {
								"exec": [
									""
								],
								"type": "text/javascript"
							}
						},
						{
							"listen": "test",
							"script": {
								"exec": [
									"const responseData = pm.response.json();\r",
									"\r",
									"const requestName = pm.info.requestName;\r",
									"\r",
									"if (responseData !== undefined) {\r",
									"    pm.test(requestName, function () {\r",
									"        pm.expect(responseData.error, responseData.msg).to.equal(0);\r",
									"    });\r",
									"\r",
									"    //custom\r",
									"    if (responseData.error === 0) {\r",
									"        \r",
									"    }\r",
									"}"
								],
								"type": "text/javascript"
							}
						}
					],
					"request": {
						"method": "POST",
						"header": [
							{
								"key": "X-CK-Nonce",
								"value": "{{nonce}}"
							},
							{
								"key": "Authorization",
								"value": "Bearer {{accessToken}}"
							},
							{
								"key": "Content-Type",
								"value": "application/json"
							}
						],
						"body": {
							"mode": "raw",
							"raw": "{\n    \"type\": 1,\n    \"id\": \"1000000000\",\n    \"params\": {\n        \"timers\": [\n            {\n                \"mId\": \"c501e1eb-fe6a-80a9-6213-3d316d7c5f8c\",\n                \"type\": \"once\",\n                \"at\": \"2022-09-10T08:15:00.200Z\",\n                \"coolkit_timer_type\": \"once\",\n                \"enabled\": 1,\n                \"do\": {\n                    \"outlet\": 0,\n                    \"switch\": \"on\"\n                }\n            }\n        ]\n    }\n}"
						},
						"url": {
							"raw": "https://{{domain}}/v2/device/thing/status",
							"protocol": "https",
							"host": [
								"{{domain}}"
							],
							"path": [
								"v2",
								"device",
								"thing",
								"status"
							]
						}
					},
					"response": []
				},
				{
					"name": "批量更新设备状态",
					"event": [
						{
							"listen": "prerequest",
							"script": {
								"exec": [
									""
								],
								"type": "text/javascript"
							}
						},
						{
							"listen": "test",
							"script": {
								"exec": [
									"const responseData = pm.response.json();\r",
									"\r",
									"const requestName = pm.info.requestName;\r",
									"\r",
									"if (responseData !== undefined) {\r",
									"    pm.test(requestName, function () {\r",
									"        pm.expect(responseData.error, responseData.msg).to.equal(0);\r",
									"    });\r",
									"\r",
									"    //custom\r",
									"    if (responseData.error === 0) {\r",
									"        \r",
									"    }\r",
									"}"
								],
								"type": "text/javascript"
							}
						}
					],
					"request": {
						"method": "POST",
						"header": [
							{
								"key": "X-CK-Nonce",
								"value": "{{nonce}}"
							},
							{
								"key": "Authorization",
								"value": "Bearer {{accessToken}}"
							},
							{
								"key": "Content-Type",
								"value": "application/json"
							}
						],
						"body": {
							"mode": "raw",
							"raw": "{\n    \"thingList\":[\n        {\n            \"type\":1,\n            \"id\":\"1000000000\",\n            \"params\":{\n                \"switch\":\"on\"\n            }\n        },\n        {\n            \"type\":2,\n            \"id\":\"groupid\",\n            \"params\":{\n                \"switch\":\"off\"\n            }\n        }\n    ],\n    \"timeout\":2000\n}"
						},
						"url": {
							"raw": "https://{{domain}}/v2/device/thing/batch-status",
							"protocol": "https",
							"host": [
								"{{domain}}"
							],
							"path": [
								"v2",
								"device",
								"thing",
								"batch-status"
							]
						}
					},
					"response": []
				},
				{
					"name": "修改设备名称或者房间",
					"event": [
						{
							"listen": "prerequest",
							"script": {
								"exec": [
									""
								],
								"type": "text/javascript"
							}
						},
						{
							"listen": "test",
							"script": {
								"exec": [
									"const responseData = pm.response.json();\r",
									"\r",
									"const requestName = pm.info.requestName;\r",
									"\r",
									"if (responseData !== undefined) {\r",
									"    pm.test(requestName, function () {\r",
									"        pm.expect(responseData.error, responseData.msg).to.equal(0);\r",
									"    });\r",
									"\r",
									"    //custom\r",
									"    if (responseData.error === 0) {\r",
									"        \r",
									"    }\r",
									"}"
								],
								"type": "text/javascript"
							}
						}
					],
					"request": {
						"method": "POST",
						"header": [
							{
								"key": "X-CK-Nonce",
								"value": "{{nonce}}"
							},
							{
								"key": "Authorization",
								"value": "Bearer {{accessToken}}"
							},
							{
								"key": "Content-Type",
								"value": "application/json"
							}
						],
						"body": {
							"mode": "raw",
							"raw": "{\n    \"deviceid\":\"1000000000\",\n    \"name\":\"new name\",\n    \"roomid\": \"roomid\"\n}"
						},
						"url": {
							"raw": "https://{{domain}}/v2/device/update-info",
							"protocol": "https",
							"host": [
								"{{domain}}"
							],
							"path": [
								"v2",
								"device",
								"update-info"
							]
						}
					},
					"response": []
				},
				{
					"name": "修改设备标签",
					"event": [
						{
							"listen": "prerequest",
							"script": {
								"exec": [
									""
								],
								"type": "text/javascript"
							}
						},
						{
							"listen": "test",
							"script": {
								"exec": [
									"const responseData = pm.response.json();\r",
									"\r",
									"const requestName = pm.info.requestName;\r",
									"\r",
									"if (responseData !== undefined) {\r",
									"    pm.test(requestName, function () {\r",
									"        pm.expect(responseData.error, responseData.msg).to.equal(0);\r",
									"    });\r",
									"\r",
									"    //custom\r",
									"    if (responseData.error === 0) {\r",
									"        \r",
									"    }\r",
									"}"
								],
								"type": "text/javascript"
							}
						}
					],
					"request": {
						"method": "POST",
						"header": [
							{
								"key": "X-CK-Nonce",
								"value": "{{nonce}}"
							},
							{
								"key": "Authorization",
								"value": "Bearer {{accessToken}}"
							},
							{
								"key": "Content-Type",
								"value": "application/json"
							}
						],
						"body": {
							"mode": "raw",
							"raw": "{\n    \"deviceid\":\"1000000000\",\n    \"type\":\"merge\",\n    \"tags\":{\n        \"key\":\"value\"\n    }\n}"
						},
						"url": {
							"raw": "https://{{domain}}/v2/device/tags",
							"protocol": "https",
							"host": [
								"{{domain}}"
							],
							"path": [
								"v2",
								"device",
								"tags"
							]
						}
					},
					"response": []
				},
				{
					"name": "删除设备",
					"event": [
						{
							"listen": "prerequest",
							"script": {
								"exec": [
									""
								],
								"type": "text/javascript"
							}
						},
						{
							"listen": "test",
							"script": {
								"exec": [
									"const responseData = pm.response.json();\r",
									"\r",
									"const requestName = pm.info.requestName;\r",
									"\r",
									"if (responseData !== undefined) {\r",
									"    pm.test(requestName, function () {\r",
									"        pm.expect(responseData.error, responseData.msg).to.equal(0);\r",
									"    });\r",
									"\r",
									"    //custom\r",
									"    if (responseData.error === 0) {\r",
									"        \r",
									"    }\r",
									"}"
								],
								"type": "text/javascript"
							}
						}
					],
					"request": {
						"method": "DELETE",
						"header": [
							{
								"key": "X-CK-Nonce",
								"value": "{{nonce}}"
							},
							{
								"key": "Authorization",
								"value": "Bearer {{accessToken}}"
							},
							{
								"key": "Content-Type",
								"value": "application/json"
							}
						],
						"body": {
							"mode": "raw",
							"raw": ""
						},
						"url": {
							"raw": "https://{{domain}}/v2/device?deviceid=1000000000",
							"protocol": "https",
							"host": [
								"{{domain}}"
							],
							"path": [
								"v2",
								"device"
							],
							"query": [
								{
									"key": "deviceid",
									"value": "1000000000"
								}
							]
						}
					},
					"response": []
				},
				{
					"name": "分享设备",
					"event": [
						{
							"listen": "prerequest",
							"script": {
								"exec": [
									""
								],
								"type": "text/javascript"
							}
						},
						{
							"listen": "test",
							"script": {
								"exec": [
									"const responseData = pm.response.json();\r",
									"\r",
									"const requestName = pm.info.requestName;\r",
									"\r",
									"if (responseData !== undefined) {\r",
									"    pm.test(requestName, function () {\r",
									"        pm.expect(responseData.error, responseData.msg).to.equal(0);\r",
									"    });\r",
									"\r",
									"    //custom\r",
									"    if (responseData.error === 0) {\r",
									"        \r",
									"    }\r",
									"}"
								],
								"type": "text/javascript"
							}
						}
					],
					"request": {
						"method": "POST",
						"header": [
							{
								"key": "X-CK-Nonce",
								"value": "{{nonce}}"
							},
							{
								"key": "Authorization",
								"value": "Bearer {{accessToken}}"
							},
							{
								"key": "Content-Type",
								"value": "application/json"
							}
						],
						"body": {
							"mode": "raw",
							"raw": "{\n    \"deviceidList\":[\"1000000000\"],\n    \"user\":{\n        \"countryCode\":\"+1\",\n        \"email\":\"test@gmail.com\"\n    },\n    \"comment\":\"This is a share\",\n    \"permit\":15\n}"
						},
						"url": {
							"raw": "https://{{domain}}/v2/device/share",
							"protocol": "https",
							"host": [
								"{{domain}}"
							],
							"path": [
								"v2",
								"device",
								"share"
							]
						}
					},
					"response": []
				},
				{
					"name": "修改分享设备权限",
					"event": [
						{
							"listen": "prerequest",
							"script": {
								"exec": [
									""
								],
								"type": "text/javascript"
							}
						},
						{
							"listen": "test",
							"script": {
								"exec": [
									"const responseData = pm.response.json();\r",
									"\r",
									"const requestName = pm.info.requestName;\r",
									"\r",
									"if (responseData !== undefined) {\r",
									"    pm.test(requestName, function () {\r",
									"        pm.expect(responseData.error, responseData.msg).to.equal(0);\r",
									"    });\r",
									"\r",
									"    //custom\r",
									"    if (responseData.error === 0) {\r",
									"        \r",
									"    }\r",
									"}"
								],
								"type": "text/javascript"
							}
						}
					],
					"request": {
						"method": "POST",
						"header": [
							{
								"key": "X-CK-Nonce",
								"value": "{{nonce}}"
							},
							{
								"key": "Authorization",
								"value": "Bearer {{accessToken}}"
							},
							{
								"key": "Content-Type",
								"value": "application/json"
							}
						],
						"body": {
							"mode": "raw",
							"raw": "{\"deviceid\":\"1000000000\",\"apikey\":\"xxxx\",\"permit\":12}"
						},
						"url": {
							"raw": "https://{{domain}}/v2/device/share/permit",
							"protocol": "https",
							"host": [
								"{{domain}}"
							],
							"path": [
								"v2",
								"device",
								"share",
								"permit"
							]
						}
					},
					"response": []
				},
				{
					"name": "取消分享设备",
					"event": [
						{
							"listen": "prerequest",
							"script": {
								"exec": [
									""
								],
								"type": "text/javascript"
							}
						},
						{
							"listen": "test",
							"script": {
								"exec": [
									"const responseData = pm.response.json();\r",
									"\r",
									"const requestName = pm.info.requestName;\r",
									"\r",
									"if (responseData !== undefined) {\r",
									"    pm.test(requestName, function () {\r",
									"        pm.expect(responseData.error, responseData.msg).to.equal(0);\r",
									"    });\r",
									"\r",
									"    //custom\r",
									"    if (responseData.error === 0) {\r",
									"        \r",
									"    }\r",
									"}"
								],
								"type": "text/javascript"
							}
						}
					],
					"request": {
						"method": "DELETE",
						"header": [
							{
								"key": "X-CK-Nonce",
								"value": "{{nonce}}"
							},
							{
								"key": "Authorization",
								"value": "Bearer {{accessToken}}"
							},
							{
								"key": "Content-Type",
								"value": "application/json"
							}
						],
						"body": {
							"mode": "raw",
							"raw": ""
						},
						"url": {
							"raw": "https://{{domain}}/v2/device/share?deviceid=1000000000&apikey=xxx",
							"protocol": "https",
							"host": [
								"{{domain}}"
							],
							"path": [
								"v2",
								"device",
								"share"
							],
							"query": [
								{
									"key": "deviceid",
									"value": "1000000000"
								},
								{
									"key": "apikey",
									"value": "xxx"
								}
							]
						}
					},
					"response": []
				},
				{
					"name": "获取设备操作历史记录",
					"event": [
						{
							"listen": "prerequest",
							"script": {
								"exec": [
									""
								],
								"type": "text/javascript"
							}
						},
						{
							"listen": "test",
							"script": {
								"exec": [
									"const responseData = pm.response.json();\r",
									"\r",
									"const requestName = pm.info.requestName;\r",
									"\r",
									"if (responseData !== undefined) {\r",
									"    pm.test(requestName, function () {\r",
									"        pm.expect(responseData.error, responseData.msg).to.equal(0);\r",
									"    });\r",
									"\r",
									"    //custom\r",
									"    if (responseData.error === 0) {\r",
									"        \r",
									"    }\r",
									"}"
								],
								"type": "text/javascript"
							}
						}
					],
					"protocolProfileBehavior": {
						"disableBodyPruning": true
					},
					"request": {
						"method": "GET",
						"header": [
							{
								"key": "X-CK-Nonce",
								"value": "{{nonce}}"
							},
							{
								"key": "Authorization",
								"value": "Bearer {{accessToken}}"
							},
							{
								"key": "Content-Type",
								"value": "application/json"
							}
						],
						"body": {
							"mode": "raw",
							"raw": ""
						},
						"url": {
							"raw": "https://{{domain}}/v2/device/history?deviceid=1000000000&num=30",
							"protocol": "https",
							"host": [
								"{{domain}}"
							],
							"path": [
								"v2",
								"device",
								"history"
							],
							"query": [
								{
									"key": "deviceid",
									"value": "1000000000"
								},
								{
									"key": "from",
									"value": "1598961423000",
									"disabled": true
								},
								{
									"key": "num",
									"value": "30"
								}
							]
						}
					},
					"response": []
				},
				{
					"name": "清除设备操作历史记录",
					"event": [
						{
							"listen": "prerequest",
							"script": {
								"exec": [
									""
								],
								"type": "text/javascript"
							}
						},
						{
							"listen": "test",
							"script": {
								"exec": [
									"const responseData = pm.response.json();\r",
									"\r",
									"const requestName = pm.info.requestName;\r",
									"\r",
									"if (responseData !== undefined) {\r",
									"    pm.test(requestName, function () {\r",
									"        pm.expect(responseData.error, responseData.msg).to.equal(0);\r",
									"    });\r",
									"\r",
									"    //custom\r",
									"    if (responseData.error === 0) {\r",
									"        \r",
									"    }\r",
									"}"
								],
								"type": "text/javascript"
							}
						}
					],
					"request": {
						"method": "DELETE",
						"header": [
							{
								"key": "X-CK-Nonce",
								"value": "{{nonce}}"
							},
							{
								"key": "Authorization",
								"value": "Bearer {{accessToken}}"
							},
							{
								"key": "Content-Type",
								"value": "application/json"
							}
						],
						"body": {
							"mode": "raw",
							"raw": ""
						},
						"url": {
							"raw": "https://{{domain}}/v2/device/history?deviceid=1000000000",
							"protocol": "https",
							"host": [
								"{{domain}}"
							],
							"path": [
								"v2",
								"device",
								"history"
							],
							"query": [
								{
									"key": "deviceid",
									"value": "1000000000"
								}
							]
						}
					},
					"response": []
				},
				{
					"name": "添加设备群组",
					"event": [
						{
							"listen": "prerequest",
							"script": {
								"exec": [
									""
								],
								"type": "text/javascript"
							}
						},
						{
							"listen": "test",
							"script": {
								"exec": [
									"const responseData = pm.response.json();\r",
									"\r",
									"const requestName = pm.info.requestName;\r",
									"\r",
									"if (responseData !== undefined) {\r",
									"    pm.test(requestName, function () {\r",
									"        pm.expect(responseData.error, responseData.msg).to.equal(0);\r",
									"    });\r",
									"\r",
									"    //custom\r",
									"    if (responseData.error === 0) {\r",
									"        \r",
									"    }\r",
									"}"
								],
								"type": "text/javascript"
							}
						}
					],
					"request": {
						"method": "POST",
						"header": [
							{
								"key": "X-CK-Nonce",
								"value": "{{nonce}}"
							},
							{
								"key": "Authorization",
								"value": "Bearer {{accessToken}}"
							},
							{
								"key": "Content-Type",
								"value": "application/json"
							}
						],
						"body": {
							"mode": "raw",
							"raw": "{\n    \"name\":\"groupname\",\n    \"mainDeviceId\":\"1000000000\",\n    \"deviceidList\":[\"1000000001\"]\n}"
						},
						"url": {
							"raw": "https://{{domain}}/v2/device/group",
							"protocol": "https",
							"host": [
								"{{domain}}"
							],
							"path": [
								"v2",
								"device",
								"group"
							]
						}
					},
					"response": []
				},
				{
					"name": "设备群组新增设备",
					"event": [
						{
							"listen": "prerequest",
							"script": {
								"exec": [
									""
								],
								"type": "text/javascript"
							}
						},
						{
							"listen": "test",
							"script": {
								"exec": [
									"const responseData = pm.response.json();\r",
									"\r",
									"const requestName = pm.info.requestName;\r",
									"\r",
									"if (responseData !== undefined) {\r",
									"    pm.test(requestName, function () {\r",
									"        pm.expect(responseData.error, responseData.msg).to.equal(0);\r",
									"    });\r",
									"\r",
									"    //custom\r",
									"    if (responseData.error === 0) {\r",
									"        \r",
									"    }\r",
									"}"
								],
								"type": "text/javascript"
							}
						}
					],
					"request": {
						"method": "POST",
						"header": [
							{
								"key": "X-CK-Nonce",
								"value": "{{nonce}}"
							},
							{
								"key": "Authorization",
								"value": "Bearer {{accessToken}}"
							},
							{
								"key": "Content-Type",
								"value": "application/json"
							}
						],
						"body": {
							"mode": "raw",
							"raw": "{\n    \"id\":\"groupid\",\n    \"deviceidList\":[\"1000000000\",\"1000000001\"]\n}"
						},
						"url": {
							"raw": "https://{{domain}}/v2/device/group/add",
							"protocol": "https",
							"host": [
								"{{domain}}"
							],
							"path": [
								"v2",
								"device",
								"group",
								"add"
							]
						}
					},
					"response": []
				},
				{
					"name": "更新设备群组的设备列表",
					"event": [
						{
							"listen": "prerequest",
							"script": {
								"exec": [
									""
								],
								"type": "text/javascript"
							}
						},
						{
							"listen": "test",
							"script": {
								"exec": [
									"const responseData = pm.response.json();\r",
									"\r",
									"const requestName = pm.info.requestName;\r",
									"\r",
									"if (responseData !== undefined) {\r",
									"    pm.test(requestName, function () {\r",
									"        pm.expect(responseData.error, responseData.msg).to.equal(0);\r",
									"    });\r",
									"\r",
									"    //custom\r",
									"    if (responseData.error === 0) {\r",
									"        \r",
									"    }\r",
									"}"
								],
								"type": "text/javascript"
							}
						}
					],
					"request": {
						"method": "POST",
						"header": [
							{
								"key": "X-CK-Nonce",
								"value": "{{nonce}}"
							},
							{
								"key": "Authorization",
								"value": "Bearer {{accessToken}}"
							},
							{
								"key": "Content-Type",
								"value": "application/json"
							}
						],
						"body": {
							"mode": "raw",
							"raw": "{\n    \"id\":\"groupid\",\n    \"deviceidList\":[\"1000000000\",\"1000000001\"]\n}"
						},
						"url": {
							"raw": "https://{{domain}}/v2/device/group/update",
							"protocol": "https",
							"host": [
								"{{domain}}"
							],
							"path": [
								"v2",
								"device",
								"group",
								"update"
							]
						}
					},
					"response": []
				},
				{
					"name": "设备群组删除设备",
					"event": [
						{
							"listen": "prerequest",
							"script": {
								"exec": [
									""
								],
								"type": "text/javascript"
							}
						},
						{
							"listen": "test",
							"script": {
								"exec": [
									"const responseData = pm.response.json();\r",
									"\r",
									"const requestName = pm.info.requestName;\r",
									"\r",
									"if (responseData !== undefined) {\r",
									"    pm.test(requestName, function () {\r",
									"        pm.expect(responseData.error, responseData.msg).to.equal(0);\r",
									"    });\r",
									"\r",
									"    //custom\r",
									"    if (responseData.error === 0) {\r",
									"        \r",
									"    }\r",
									"}"
								],
								"type": "text/javascript"
							}
						}
					],
					"request": {
						"method": "POST",
						"header": [
							{
								"key": "X-CK-Nonce",
								"value": "{{nonce}}"
							},
							{
								"key": "Authorization",
								"value": "Bearer {{accessToken}}"
							},
							{
								"key": "Content-Type",
								"value": "application/json"
							}
						],
						"body": {
							"mode": "raw",
							"raw": "{\n    \"id\":\"groupid\",\n    \"deviceidList\":[\"1000000000\"]\n}"
						},
						"url": {
							"raw": "https://{{domain}}/v2/device/group/delete",
							"protocol": "https",
							"host": [
								"{{domain}}"
							],
							"path": [
								"v2",
								"device",
								"group",
								"delete"
							]
						}
					},
					"response": []
				},
				{
					"name": "更新设备群组状态",
					"event": [
						{
							"listen": "prerequest",
							"script": {
								"exec": [
									""
								],
								"type": "text/javascript"
							}
						},
						{
							"listen": "test",
							"script": {
								"exec": [
									"const responseData = pm.response.json();\r",
									"\r",
									"const requestName = pm.info.requestName;\r",
									"\r",
									"if (responseData !== undefined) {\r",
									"    pm.test(requestName, function () {\r",
									"        pm.expect(responseData.error, responseData.msg).to.equal(0);\r",
									"    });\r",
									"\r",
									"    //custom\r",
									"    if (responseData.error === 0) {\r",
									"        \r",
									"    }\r",
									"}"
								],
								"type": "text/javascript"
							}
						}
					],
					"request": {
						"method": "POST",
						"header": [
							{
								"key": "X-CK-Nonce",
								"value": "{{nonce}}"
							},
							{
								"key": "Authorization",
								"value": "Bearer {{accessToken}}"
							},
							{
								"key": "Content-Type",
								"value": "application/json"
							}
						],
						"body": {
							"mode": "raw",
							"raw": "{\n    \"id\":\"groupid\",\n    \"params\":{\n        \"key1\":\"value1\"\n    }\n}"
						},
						"url": {
							"raw": "https://{{domain}}/v2/device/group/status",
							"protocol": "https",
							"host": [
								"{{domain}}"
							],
							"path": [
								"v2",
								"device",
								"group",
								"status"
							]
						}
					},
					"response": []
				},
				{
					"name": "修改设备群组名称",
					"event": [
						{
							"listen": "prerequest",
							"script": {
								"exec": [
									""
								],
								"type": "text/javascript"
							}
						},
						{
							"listen": "test",
							"script": {
								"exec": [
									"const responseData = pm.response.json();\r",
									"\r",
									"const requestName = pm.info.requestName;\r",
									"\r",
									"if (responseData !== undefined) {\r",
									"    pm.test(requestName, function () {\r",
									"        pm.expect(responseData.error, responseData.msg).to.equal(0);\r",
									"    });\r",
									"\r",
									"    //custom\r",
									"    if (responseData.error === 0) {\r",
									"        \r",
									"    }\r",
									"}"
								],
								"type": "text/javascript"
							}
						}
					],
					"request": {
						"method": "PUT",
						"header": [
							{
								"key": "X-CK-Nonce",
								"value": "{{nonce}}"
							},
							{
								"key": "Authorization",
								"value": "Bearer {{accessToken}}"
							},
							{
								"key": "Content-Type",
								"value": "application/json"
							}
						],
						"body": {
							"mode": "raw",
							"raw": "{\n    \"id\":\"groupid\",\n    \"name\":\"new name\"\n}"
						},
						"url": {
							"raw": "https://{{domain}}/v2/device/group",
							"protocol": "https",
							"host": [
								"{{domain}}"
							],
							"path": [
								"v2",
								"device",
								"group"
							]
						}
					},
					"response": []
				},
				{
					"name": "获取群组列表",
					"event": [
						{
							"listen": "prerequest",
							"script": {
								"exec": [
									""
								],
								"type": "text/javascript"
							}
						},
						{
							"listen": "test",
							"script": {
								"exec": [
									"const responseData = pm.response.json();\r",
									"\r",
									"const requestName = pm.info.requestName;\r",
									"\r",
									"if (responseData !== undefined) {\r",
									"    pm.test(requestName, function () {\r",
									"        pm.expect(responseData.error, responseData.msg).to.equal(0);\r",
									"    });\r",
									"\r",
									"    //custom\r",
									"    if (responseData.error === 0) {\r",
									"        \r",
									"    }\r",
									"}"
								],
								"type": "text/javascript"
							}
						}
					],
					"protocolProfileBehavior": {
						"disableBodyPruning": true
					},
					"request": {
						"method": "GET",
						"header": [
							{
								"key": "X-CK-Nonce",
								"value": "{{nonce}}"
							},
							{
								"key": "Authorization",
								"value": "Bearer {{accessToken}}"
							},
							{
								"key": "Content-Type",
								"value": "application/json"
							}
						],
						"body": {
							"mode": "raw",
							"raw": ""
						},
						"url": {
							"raw": "https://{{domain}}/v2/device/group",
							"protocol": "https",
							"host": [
								"{{domain}}"
							],
							"path": [
								"v2",
								"device",
								"group"
							]
						}
					},
					"response": []
				},
				{
					"name": "删除设备群组",
					"event": [
						{
							"listen": "prerequest",
							"script": {
								"exec": [
									""
								],
								"type": "text/javascript"
							}
						},
						{
							"listen": "test",
							"script": {
								"exec": [
									"const responseData = pm.response.json();\r",
									"\r",
									"const requestName = pm.info.requestName;\r",
									"\r",
									"if (responseData !== undefined) {\r",
									"    pm.test(requestName, function () {\r",
									"        pm.expect(responseData.error, responseData.msg).to.equal(0);\r",
									"    });\r",
									"\r",
									"    //custom\r",
									"    if (responseData.error === 0) {\r",
									"        \r",
									"    }\r",
									"}"
								],
								"type": "text/javascript"
							}
						}
					],
					"request": {
						"method": "DELETE",
						"header": [
							{
								"key": "X-CK-Nonce",
								"value": "{{nonce}}"
							},
							{
								"key": "Authorization",
								"value": "Bearer {{accessToken}}"
							},
							{
								"key": "Content-Type",
								"value": "application/json"
							}
						],
						"body": {
							"mode": "raw",
							"raw": ""
						},
						"url": {
							"raw": "https://{{domain}}/v2/device/group?id=xxxxx",
							"protocol": "https",
							"host": [
								"{{domain}}"
							],
							"path": [
								"v2",
								"device",
								"group"
							],
							"query": [
								{
									"key": "id",
									"value": "xxxxx"
								}
							]
						}
					},
					"response": []
				},
				{
					"name": "获取Ting列表",
					"event": [
						{
							"listen": "prerequest",
							"script": {
								"exec": [
									""
								],
								"type": "text/javascript"
							}
						},
						{
							"listen": "test",
							"script": {
								"exec": [
									"const responseData = pm.response.json();\r",
									"\r",
									"const requestName = pm.info.requestName;\r",
									"\r",
									"if (responseData !== undefined) {\r",
									"    pm.test(requestName, function () {\r",
									"        pm.expect(responseData.error, responseData.msg).to.equal(0);\r",
									"    });\r",
									"\r",
									"    //custom\r",
									"    if (responseData.error === 0) {\r",
									"        \r",
									"    }\r",
									"}"
								],
								"type": "text/javascript"
							}
						}
					],
					"protocolProfileBehavior": {
						"disableBodyPruning": true
					},
					"request": {
						"method": "GET",
						"header": [
							{
								"key": "X-CK-Nonce",
								"value": "{{nonce}}"
							},
							{
								"key": "Authorization",
								"value": "Bearer {{accessToken}}"
							},
							{
								"key": "Content-Type",
								"value": "application/json"
							}
						],
						"body": {
							"mode": "raw",
							"raw": ""
						},
						"url": {
							"raw": "https://{{domain}}/v2/device/thing",
							"protocol": "https",
							"host": [
								"{{domain}}"
							],
							"path": [
								"v2",
								"device",
								"thing"
							]
						}
					},
					"response": []
				},
				{
					"name": "获取指定Ting列表",
					"event": [
						{
							"listen": "prerequest",
							"script": {
								"exec": [
									""
								],
								"type": "text/javascript"
							}
						},
						{
							"listen": "test",
							"script": {
								"exec": [
									"const responseData = pm.response.json();\r",
									"\r",
									"const requestName = pm.info.requestName;\r",
									"\r",
									"if (responseData !== undefined) {\r",
									"    pm.test(requestName, function () {\r",
									"        pm.expect(responseData.error, responseData.msg).to.equal(0);\r",
									"    });\r",
									"\r",
									"    //custom\r",
									"    if (responseData.error === 0) {\r",
									"        \r",
									"    }\r",
									"}"
								],
								"type": "text/javascript"
							}
						}
					],
					"request": {
						"method": "POST",
						"header": [
							{
								"key": "X-CK-Nonce",
								"value": "{{nonce}}"
							},
							{
								"key": "Authorization",
								"value": "Bearer {{accessToken}}"
							},
							{
								"key": "Content-Type",
								"value": "application/json"
							}
						],
						"body": {
							"mode": "raw",
							"raw": "{\n    \"thingList\":[\n        {\n            \"itemType\":1,\n            \"id\":\"1000000000\"\n        }\n    ]\n}"
						},
						"url": {
							"raw": "https://{{domain}}/v2/device/thing",
							"protocol": "https",
							"host": [
								"{{domain}}"
							],
							"path": [
								"v2",
								"device",
								"thing"
							]
						}
					},
					"response": []
				},
				{
					"name": "获取设备或者群组状态",
					"event": [
						{
							"listen": "prerequest",
							"script": {
								"exec": [
									""
								],
								"type": "text/javascript"
							}
						},
						{
							"listen": "test",
							"script": {
								"exec": [
									"const responseData = pm.response.json();\r",
									"\r",
									"const requestName = pm.info.requestName;\r",
									"\r",
									"if (responseData !== undefined) {\r",
									"    pm.test(requestName, function () {\r",
									"        pm.expect(responseData.error, responseData.msg).to.equal(0);\r",
									"    });\r",
									"\r",
									"    //custom\r",
									"    if (responseData.error === 0) {\r",
									"        \r",
									"    }\r",
									"}"
								],
								"type": "text/javascript"
							}
						}
					],
					"protocolProfileBehavior": {
						"disableBodyPruning": true
					},
					"request": {
						"method": "GET",
						"header": [
							{
								"key": "X-CK-Nonce",
								"value": "{{nonce}}"
							},
							{
								"key": "Authorization",
								"value": "Bearer {{accessToken}}"
							},
							{
								"key": "Content-Type",
								"value": "application/json"
							}
						],
						"body": {
							"mode": "raw",
							"raw": ""
						},
						"url": {
							"raw": "https://{{domain}}/v2/device/thing/status?type=1&id=1000000000&params=switch|pulse",
							"protocol": "https",
							"host": [
								"{{domain}}"
							],
							"path": [
								"v2",
								"device",
								"thing",
								"status"
							],
							"query": [
								{
									"key": "type",
									"value": "1"
								},
								{
									"key": "id",
									"value": "1000000000"
								},
								{
									"key": "params",
									"value": "switch|pulse"
								}
							]
						}
					},
					"response": []
				},
				{
					"name": "查询设备的 OTA 信息",
					"event": [
						{
							"listen": "prerequest",
							"script": {
								"exec": [
									""
								],
								"type": "text/javascript"
							}
						},
						{
							"listen": "test",
							"script": {
								"exec": [
									"const responseData = pm.response.json();\r",
									"\r",
									"const requestName = pm.info.requestName;\r",
									"\r",
									"if (responseData !== undefined) {\r",
									"    pm.test(requestName, function () {\r",
									"        pm.expect(responseData.error, responseData.msg).to.equal(0);\r",
									"    });\r",
									"\r",
									"    //custom\r",
									"    if (responseData.error === 0) {\r",
									"        \r",
									"    }\r",
									"}"
								],
								"type": "text/javascript"
							}
						}
					],
					"request": {
						"method": "POST",
						"header": [
							{
								"key": "X-CK-Nonce",
								"value": "{{nonce}}"
							},
							{
								"key": "Authorization",
								"value": "Bearer {{accessToken}}"
							},
							{
								"key": "Content-Type",
								"value": "application/json"
							}
						],
						"body": {
							"mode": "raw",
							"raw": "{\n    \"deviceInfoList\":[\n        {\n            \"deviceid\":\"1000000000\",\n            \"model\":\"PSF-B01-GL\",\n            \"version\":\"1.0.0\"\n        }\n    ]\n} "
						},
						"url": {
							"raw": "https://{{domain}}/v2/device/ota/query",
							"protocol": "https",
							"host": [
								"{{domain}}"
							],
							"path": [
								"v2",
								"device",
								"ota",
								"query"
							]
						}
					},
					"response": []
				}
			]
		},
		{
			"name": "消息管理",
			"item": [
				{
					"name": "获取消息列表",
					"event": [
						{
							"listen": "test",
							"script": {
								"exec": [
									"const responseData = pm.response.json();\r",
									"\r",
									"const requestName = pm.info.requestName;\r",
									"\r",
									"if (responseData !== undefined) {\r",
									"    pm.test(requestName, function () {\r",
									"        pm.expect(responseData.error, responseData.msg).to.equal(0);\r",
									"    });\r",
									"    \r",
									"    //custom\r",
									"    if (responseData.error === 0) {\r",
									"\r",
									"    }\r",
									"}"
								],
								"type": "text/javascript"
							}
						},
						{
							"listen": "prerequest",
							"script": {
								"exec": [
									""
								],
								"type": "text/javascript"
							}
						}
					],
					"protocolProfileBehavior": {
						"disableBodyPruning": true
					},
					"request": {
						"method": "GET",
						"header": [
							{
								"key": "X-CK-Nonce",
								"value": "{{nonce}}"
							},
							{
								"key": "Authorization",
								"value": "Bearer {{accessToken}}"
							},
							{
								"key": "Content-Type",
								"value": "application/json"
							}
						],
						"body": {
							"mode": "raw",
							"raw": ""
						},
						"url": {
							"raw": "https://{{domain}}/v2/message/read",
							"protocol": "https",
							"host": [
								"{{domain}}"
							],
							"path": [
								"v2",
								"message",
								"read"
							],
							"query": [
								{
									"key": "familyid",
									"value": "xxx",
									"disabled": true
								},
								{
									"key": "from",
									"value": "toadd",
									"disabled": true
								},
								{
									"key": "num",
									"value": "toadd",
									"disabled": true
								}
							]
						}
					},
					"response": []
				}
			]
		},
		{
			"name": "首页",
			"item": [
				{
					"name": "首页信息",
					"event": [
						{
							"listen": "test",
							"script": {
								"exec": [
									"const responseData = pm.response.json();\r",
									"\r",
									"const requestName = pm.info.requestName;\r",
									"const keyMap=new Map();\r",
									"keyMap.set('getUser',`userInfo`);\r",
									"keyMap.set('getFamily',`familyInfo`);\r",
									"keyMap.set('getThing',`thingInfo`);\r",
									"keyMap.set('getScene',`sceneInfo`);\r",
									"keyMap.set('getScene2',`scene2Info`);\r",
									"keyMap.set('getMessage',`messageInfo`);\r",
									"\r",
									"if (responseData !== undefined) {\r",
									"    pm.test(requestName, function () {\r",
									"        pm.expect(responseData.error, responseData.msg).to.equal(0);\r",
									"    });\r",
									"    \r",
									"    //custom\r",
									"    if (responseData.error === 0) {\r",
									"        const data=responseData.data;\r",
									"        const body=JSON.parse(pm.request.body.raw);\r",
									"        for(const item in body){\r",
									"            const responseKey=keyMap.get(item);\r",
									"            tests[item] = responseKey!==undefined;\r",
									"        }\r",
									"    }\r",
									"}"
								],
								"type": "text/javascript"
							}
						},
						{
							"listen": "prerequest",
							"script": {
								"exec": [
									""
								],
								"type": "text/javascript"
							}
						}
					],
					"request": {
						"method": "POST",
						"header": [
							{
								"key": "X-CK-Nonce",
								"value": "{{nonce}}"
							},
							{
								"key": "Authorization",
								"value": "Bearer {{accessToken}}"
							},
							{
								"key": "Content-Type",
								"value": "application/json"
							}
						],
						"body": {
							"mode": "raw",
							"raw": "{\n\t\"getFamily\": {},\n\t\"getThing\": {\n\t\t\"num\": 30\n\t},\n\t\"getUser\": {}\n}"
						},
						"url": {
							"raw": "https://{{domain}}/v2/homepage",
							"protocol": "https",
							"host": [
								"{{domain}}"
							],
							"path": [
								"v2",
								"homepage"
							]
						},
						"description": "Get user overview page info. (e.g. house infos, room infos, device list, etc.)"
					},
					"response": []
				}
			]
		},
		{
			"name": "分配服务",
			"item": [
				{
					"name": "获取长连接信息",
					"event": [
						{
							"listen": "prerequest",
							"script": {
								"exec": [
									"const domainMap=new Map();",
									"domainMap.set('cn','cn-dispa.coolkit.cn');",
									"domainMap.set('as','as-dispa.coolkit.cc');",
									"domainMap.set('us','us-dispa.coolkit.cc');",
									"domainMap.set('eu','eu-dispa.coolkit.cc');",
									"",
									"const domain=domainMap.get(pm.environment.get('region'));",
									"pm.environment.set('domain',domain);"
								],
								"type": "text/javascript"
							}
						},
						{
							"listen": "test",
							"script": {
								"exec": [
									"const responseData = pm.response.json();",
									"const requestName = pm.info.requestName;",
									"",
									"if (responseData !== undefined) {",
									"    pm.test(requestName, function () {",
									"        pm.expect(responseData.error, responseData.reason).to.equal(0);",
									"    });",
									"",
									"    //custom",
									"    if (responseData.rtnCode === 0) {",
									"        ",
									"    }",
									"}"
								],
								"type": "text/javascript"
							}
						}
					],
					"request": {
						"method": "GET",
						"header": [],
						"url": {
							"raw": "https://{{domain}}/dispatch/app",
							"protocol": "https",
							"host": [
								"{{domain}}"
							],
							"path": [
								"dispatch",
								"app"
							]
						}
					},
					"response": []
				}
			],
			"event": [
				{
					"listen": "prerequest",
					"script": {
						"type": "text/javascript",
						"exec": [
							""
						]
					}
				},
				{
					"listen": "test",
					"script": {
						"type": "text/javascript",
						"exec": [
							""
						]
					}
				}
			]
		}
	],
	"event": [
		{
			"listen": "prerequest",
			"script": {
				"type": "text/javascript",
				"exec": [
					"// Generate random number",
					"const randomWord = (len = 8) => {",
					"  const str = \"0123456789abcdefghijklmnopqrstuvwxyzABCDEFGHIJKLMNOPQRSTUVWXYZ\";",
					"  let result = \"\";",
					"  Array.from(Array(len).keys()).forEach(() => {",
					"    result += str[Math.floor(Math.random() * str.length)];",
					"  });",
					"  return result;",
					"};",
					"",
					"const domainMap = new Map();",
					"domainMap.set('cn','cn-apia.coolkit.cn');",
					"domainMap.set('as','as-apia.coolkit.cc');",
					"domainMap.set('us','us-apia.coolkit.cc');",
					"domainMap.set('eu','eu-apia.coolkit.cc');",
					"",
					"const domain=domainMap.get(pm.environment.get('region'));",
					"pm.environment.set('domain',domain);",
					"",
					"const nonce=randomWord(8);",
					"pm.environment.set('nonce',nonce);"
				]
			}
		},
		{
			"listen": "test",
			"script": {
				"type": "text/javascript",
				"exec": [
					""
				]
			}
		}
	]
}